"At","Sentimen","Review","Bintang"
"2020-10-17 20:18:47","1","Seneng belanja disini karna dah pastinya ori, pengiriman langsung jalan satu hari setelah bayar. Banyak diskon, admin responsif juga, metode pembayaran juga banyak dan reachable. Suka banget, tapi kadang ada suka eror gaje gitu. Selain itu udh bagus banget sih menurut aku. Recommended.","5"
"2020-10-17 07:44:22","-1","Pertamakali order langsung kecewa, di cancel karna barang nya ada satu yg kosong. Proses pengembalian uang ribettttt, check out tgl 13 oktober, konfirmasi tgl 15, uang bakal di kembalikan dalam 7-10 hari kerja maks tgl 2 November... Kelamaan woiiii... Karna banyak antrian refund katanya,.... Gk mau lagi order lewat sini...","1"
"2020-10-17 05:29:05","-1","Sociolla parah. Proses refund gak tau harus nunggu berapa lama . Pdahal ini sdh masuk 3hr kerja. Uang saya 775.439 belum dibalikin. Padahal sociolla sendiri yg cancel order saya krn ada stock brg yg kosong. Email juga udah 2hr gak direspon.","1"
"2020-10-17 00:12:18","-1","Sy order 4 product di tanggal 11 september dan yg dtg cuman 2... Ini udah 16 oktober artinya udah SEBULAN LEBIHH gak ada kejelasan. Smpe dtg ke counternya buat nanyain malah disuruh hubungi cs nya. Gmn sih pelayanan burukkkkkk","1"
"2020-10-16 14:34:27","0","Kecewa bgt sm cs nya sociolla yg bener2 slowrespond nya bgt","3"
"2020-10-15 18:16:42","-1","Pembayaran batas waktu nya 24 jam tapi belum 24 jam pas mau bayar transaksi tidak ditemukan . Apaan kecewa banget","1"
"2020-10-15 14:19:26","1","Mempermudah belanja skincareku","5"
"2020-10-13 21:23:13","1","ngehabisin kuota tpi stuck aja. down tidak segera diperbaiki. bikin voucher hangus dan responnya lambatğŸ‘¿ğŸ¤¬","5"
"2020-10-12 23:34:39","-1","ini gimana sih kok malah orderan saya dicancel, padahal sudah melakukan pembayaran tgl 9 oktober eh saya cek hari ini tiba2 cancel sih? ini gimana nih dari pihak sociolla apakah ada refund uang apa gimana? sumpah kecewa banget","2"
"2020-10-12 12:08:05","1","Ngeliat ulasan orang2 saya kaget..pertama x belanja di sini,, alhamdulillah lancar2 aja..brngnya jg sampenya lumyan cpt qo (2 hari)..","5"
"2020-10-11 15:12:29","-1","Kecewa sm sociolla, pembayaran pake sopipay ga detect akhirnya gagal co. Trus tiba2 cancel orderan dan refund dananya 7harian lama banget. Org kan mau beli yg lain jd terkendala. Kesellll","2"
"2020-10-10 23:43:37","0","kacau sih katanya gratis ongkir ternyata masi diminta ongkir hehe","3"
"2020-10-10 11:09:53","-1","Kecewa banget hampir sejam ngurusin proses pembayaran via shopee pay nggak bisa. Selalu muncul kalimat bahwa aplikasi tsb tidak terinstal padahal jelas jelas punya aplikasinya. Tanya via wa no respon email apalagi. Ribet banget ketimbang mau bayar doang. Sampai pesanan saya dibatalkan saya ulangi lagi voucher yg udah di reedem tadi sudah tidak bisa digunakan. Diulang pesen lagi tetep g bisa. Ribet banget asli.","1"
"2020-10-08 17:51:13","-1","Ini pertama kali pake aplikasi ini. Kesannya kecewa sekali. Saya pesan 3 item, tapi yg di kirim cuma 1 item, yang 2 harus reorder lagi padahal sudah bayar lewat indomaret tapi di cancel oleh aplikasi. DM lewat ig dan e-mail tapi tdk ada jawaban knp tbtb di cancel.","1"
"2020-10-07 10:47:56","1","Freongx bikin ngiler mau belanja z","5"
"2020-10-06 17:41:28","-1","saya ksh bintang 2 dlu ya krna saya bru mencoba n baru dowload aplikasi socioLLa ini smoga aplikasi ini produk2 yg ada di dlm nya bner2 100% ori n 100% smpe ditangan konsumen dgn aman n sesuai dgn di gambar agar konsumen merasa puas n slalu berlanggan socioLLa ini amin ya allah..... ğŸ˜˜ğŸ˜˜ğŸ˜˜ğŸ˜˜ğŸ˜˜","2"
"2020-10-06 15:11:48","-1","Malu-maluin banget sih sekelas Sociolla ternyata masih ambil 'main' di ongkir. Sebelumnya order selalu di atas 250rb, jadi free ongkir. Giliran sekarang baru banget pertama kali order dengan ongkir, oh baru tahu ternyata Sociolla 'kemaruk' juga masih main di ongkir. Tarif ke alamat saya kena 22.000, itu emang bener, tarif dengan JNE atau J&T. Ternyata apa? Dikirimnya via Wahana yang ongkir ke alamat saya cuma 7.000 wkwkkwk. Doyan begini juga nih ternyata. Yakali 15.000 x 500 customer sehari ğŸ’©","1"
"2020-10-06 14:21:27","0","Pertama kali Belanja d sini aga ribet yaa.. uda gitu pengiriman lama.. ga ada pilihan jasa kirimnya lg...nunda* mau pergi .. eh ga jd dateng barangny ğŸ˜ª","3"
"2020-10-06 13:01:25","-1","Sdh di bayar full,,tiba2 di info barang kosong,,,pas udh di batalin ehh sampe skrg dana blm jg dikembaliin CS di email pada gk respon...asli kecewa banget,gk mau lg order dsni.","1"
"2020-10-06 04:53:52","-1","Please balikin uangku yg udah saya transfer. Saya udah keep udah langsung tf. Lama nunggu barang gak dikirim langsung dicancel. Gak ada pemberitahuan apaÂ². Memang 130 ribu itu gak banyak, tapi saya kerja juga pakai tenaga dan pikiran. Capek juga. Malah ditipu kayak gini. Mohon segera diproses dan kembalikan uang saya. ğŸ˜ ","1"
"2020-10-05 10:28:25","-1","Kecewa, saya pesan barang senka yg twinpack tapi hanya datang satu saja","2"
"2020-10-04 17:19:29","-1","Barang bisa di pesan giliran sudah payment baru diinfokan sold out, 2 kali CO semuanya do cancel. Yg 1 di cancel secara mendadak, 22 nya di cancel dengan alasan 1 produk yg sold out. Menguras emosi sekali pake apps ini. Kalo bukan karna saya punya gift card yg nilainya besar, gk mau deh belanja disini","1"
"2020-10-04 01:18:25","0","free shippingnya mahal banget. Harus minimal 250k. Dan diskonan ga ikut dihitung. Males banget jadinya mau belanja","3"
"2020-10-02 11:03:32","1","Ini pertama kali nya belanja di aplikasi sociolla dah bikin puas. Rapi dan cepat. Yang awalnya ragu skrg dah love bnget sm Sociolla. ğŸ˜","5"
"2020-10-02 10:12:57","1","Good.. banyak promo... gratis ongkir... luvv bgt sama sociolla","5"
"2020-09-30 19:07:39","0","Produk si kalau menurut aku udh bagus dan lumayan lengkap cuma yg bikin kecewa itu sm kurir pengirimannya. Karna tiap kali pesen kurirnya th suka nunda"" utk pengirimannya. Emank si estimasi penerimaan barang 1 minggu cuma ia masa harus nggu 1 mnggu dulu, bukannya pengiriman cepat lebih baik, itu jd nilai plusnya. Karna untuk produk yg tawarkan qlo menurut aku udah ori tp qlo kurir pengirimannya lelet dan brngnya lama bkin kecewa.","3"
"2020-09-29 20:31:49","1","Banyakin diskon/eventğŸ¥º hyung. Nyaman banget belanja di sociolla","5"
"2020-09-29 14:34:25","1","Bagus banget aplikasinya, kalo sale sering kasih kode buat belanja! Apalagi ditambah freeong itu menurut aku waw bgt terimakasih Sociolla! Lumayan bgt ongkir ke Jogja soalnya lumayan, oh iya kalian bisa juga ikutin event event sociolly ya. Jadi yuk dwonload aplikasinya sekarang!ğŸ˜‹âœ¨","5"
"2020-09-29 12:14:56","1","Pernah beli disini, paket aman tp ga dianter ke lokasi","4"
"2020-09-28 21:40:15","1","Terbaik. Nomor 1 dihatiku. Lengkap. Sering diskon. Gak ribet","5"
"2020-09-28 15:03:10","1","Rata2 aku liat ulasannya pada ga bagus ya. Alhamdulillah udah belanja ke 8 kalinya disini ga pernah ada masalah, malah puas bangetttt. Produknya original, walaupun memang harganya diatas rata2 online shop kebanyakan ya. Dan juga sering ada diskon ,jadi kalo beli banyak produk lumayan murah itungannya. Untuk pelayanan dari cs sampe dengan pengiriman semuanya baikk. Malah jasa pengiriman yang di pake sociolla, lebih cepet bangett ketimbang jne atau jnt. Overall puas belanja disini.","5"
"2020-09-26 16:38:13","1","Pls sociolla sering2in voucher2 25rb dan berbagai diskon lainnya","5"
"2020-09-26 11:36:18","1","Pengiriman cepat, aman, terpecaya. Recommended sekali si ini. â¤ï¸â¤ï¸â¤ï¸","5"
"2020-09-25 19:43:30","-1","Barang yg dateng cuma 1. Katanya di refund tapi gajelas gimana refund nya. Email belum dibales, jdi ga mau lagi belanja disini. Ribet iya rugi iya uang belum kembali dari tgl 10ğŸ˜­","1"
"2020-09-25 13:53:40","0","Kecewa banget,, udah order banyak ,,lama nunggu tiba"" dapat kabar kalo barang kosong dan akhirnya minta refund 6 september 2020 tadi,, eeh ini sudah tgl 11 september 2020 uangnya belum ada ditransfer... Kesel banget dah..","3"
"2020-09-25 11:48:18","1","Sangat membantu, dan cocok untuk di rekomendasikan ke temen ğŸ˜","5"
"2020-09-25 11:36:01","-1","KECEWA PARAH SAMA KURIR. berkali kali order di sociolla baru kali ini dapet kurir beda. Beda kalo sopan gapapa. Posisinya saya baru mau mandi udah lepas baju kurirnya dateng. Ya saya pake dululah baju saya masa iya nemuin kurir pake handuk. Kurir nya ketok pintu rumah kasar,. Yang lebih parah pintu garasi saya di gedor gedor. Sampe anak anak kecil yang main didepan rumah saya bilang ke saya takut. Sampe tetangga saya embah embah nanya itu tadi siapa dikiranya rentenir nagih utang. PARAH GA SOPAN","1"
"2020-09-21 15:31:11","-1","Pengemasan sama pengiriman lama bnget nyesel beli disini. Lebih baik ditoko oren ijo aja deh. App sama pelayanannya belum siap","1"
"2020-09-18 15:56:22","-1","Ga lagi deh belanja lewat e commerce ini. Pelayanannya kurang terus barang nya kosong harus refund nunggunya dr akhir agustus sampai skrg.","1"
"2020-09-17 22:51:09","-1","Kecewa banget asli, beli skincare 2 bundle itu produknya beda. Eh pasangan yg satunya ga dikirim dan ga ada konfirmasi. Orderan kedua 2, lama banget proses pengirimannya. Udah gitu tauÂ² diemail stok ada yg kosong, Proses refund juga sangat lama.","1"
"2020-09-12 10:06:37","1","Banyak promo","5"
"2020-09-10 15:22:39","-1","Tolong kerjasama sama pengantaran jasa barang yang terpercaya, gue tau ini bukan salah soco, tapi pengantaran nya tu lama banget astaga :( pliss lahhh kerjasama tu sama jne jte hadehh","1"
"2020-09-09 19:34:35","1","untuk pengalaman pertama beli di sini ada barang yang kosong, padahal kalo kosong seharusnya tidak bisa chekout , tapi barang yang lain sampai aman gak ada kerusakan dan yang pasti ori, dan saat saya email untuk refund di tanggap dengan cepat dan baik, uang refund juga sudah di terima, app ini juga bagus buat lihat review barang dan sharring juga, overall bagus cuman mungkin bisa ditingkatin.","5"
"2020-09-05 20:12:08","-1","aplikasi biasa aja kadang suka lemot pas loading. Ketika belanja barang suka ga update, pas udh bayar ternyata barang abis dan PROSES REFUNDNYA LAMA BGTTTT. jangan harap kalo kek gini terus bisa bersaing ama shopee dan tokopedia yang prosesnya lebih cepat dan harga yg bisa bersaingğŸ’…","1"
"2020-09-02 18:30:25","-1","Aplikasinya jelek, orderan ga dateng2, gmn ini","1"
"2020-09-01 16:43:47","1","Banyak promonya, dan insyaAlloh percaya sih belanja disini, soalnya trusted ğŸ¤—","5"
"2020-08-30 23:13:19","1","Selama belanja si aman2 aja. Liat review yg lain agak kaget. Krna aku pesen sehari sampe dan gak pernah ada kendala. Pokok e keren lah.","5"
"2020-08-30 17:18:27","-1","Udah mesen barangnya tinggal nunggu barang sampai, tiba2 direfund katanya stock habis. Gk professional banget, kalau habis kn harusnya ya dari awal diomongin stocknya kosong jadi gk bisa dibeli.. Dah seneng2 tinggal nunggu barang yang mau dicoba","1"
"2020-08-29 15:49:58","1","Semoga kedepannya app soco jadi lebih baguss dan bisa lebih gampang buat tracking paket kita seperti ngecek pakentnya sudah sampe dimana dsb.","4"
"2020-08-29 05:58:41","-1","Saya ko beli 3 produk, yg dikirim cuma 2,nah yg satu lagi kapan dikirim nya, udah lewat seminggu","1"
"2020-08-28 12:44:44","1","Lengkap jos suka sekali pelayanan sama respon dari cs nya","5"
"2020-08-28 11:49:50","0","Jd ceritanya aku ada kendala dmn orderanku ga nyampe pdhl udh 10hari+. Cs di chat gabisa kasih kepastian. Akhirnya aku minta refund dan udh balik duitnya. Sempet rame jg di instagram soco kalo banyak yg MINTA REFUND malah cuman diganti VOUCHER. Sempet takut jg, tp ternyata duitku balik. Itu jadi pengalaman pertama dan terakhir aku belanja disini. Gaakan pernah saranin circle ku buat checkout disini, takut kejadian yg lebih buruk menimpa mereka. Rating di sini kmrn cuma bintang 1 & ak janji ubah.","3"
"2020-08-23 10:05:57","-1","Order dari kemarin udah bayar juga lewat bank transfer malah di cancelled dr sana sampai sekarang di hubungi lewat email juga ngga dibales tolong ya kalo ngga dikirim barang saya uang saya dikembalikan sampe sekarang belum dapet balesan nyesel banget belanja disini","1"
"2020-08-22 10:34:51","0","Tolong dong pengiriman (free ongkirnya) jangan wahanağŸ˜­ lama bangett pengirimannya, aku pesen dari tanggal 17 agustus sampe sekarang tanggal 22 agustus masih ngestuck aja barangnyağŸ˜­ğŸ˜­","3"
"2020-08-21 15:33:21","-1","Ga recommended bgt belanja di refund ke voucher duit di ganti kupon ga lucu bgt asli. Noh saingan mulai nongol aplikasi LAMIDA cewe2 setidaknya ga jadi voucher kalau di refund.","1"
"2020-08-19 11:50:54","-1","Sudah 11 kali order disini. Pesanan ke 11 di cancel karena barang habis, tapi waku di cek di webnya barangnya masih ada tapi harga normal. Hahha lucu banget. Masih mencoba khusnudzon. Pengembalian dana dari tgl 2 Agustus sampai sekarang 19 Agustus belum ada. Padahal batas nunggunya sampai 18 Agustus. Pikir 10X kalau mau pesan disini meskipun sudah sering belanja disini, merusak loyalitas konsumen","1"
"2020-08-16 16:52:06","-1","Saya kemarin membeli beberapa produk di sociolla. Saya sudah membayar melalui OVO, dan saldo saya sudah terpotong. Namun pada aplikasi sociolla, pada bagian ""my order"" tidak terdapat riawayat belanjaan saya tsb. Mohon informasinya, karena sampai hr ini saya tidak dapat melihat proses pembelian saya tsb (seperti tidak perna terjadi transaksi, padahal saya sudah membayar dan saldo saya sudah terpotong)","1"
"2020-08-12 18:42:30","-1","Uninstall byeeee. Gue sumbang 17k. Heran barang abis kok dijual. Niat nipu.","1"
"2020-08-12 14:30:13","-1","Pertama x blj sdh ga beres, pesanan di cancel. tp uang dikembalikan pke voc. emgnya pas beli g pke duit. Hati2 aja mau blj disini, mikir 1000x. not recommended. abal abal ğŸ˜ˆğŸ˜ˆğŸ˜ˆğŸ˜ˆğŸ˜ˆ","1"
"2020-08-12 05:23:09","-1","Jangan belanja disini,, 1. Kita gatau stock barang ada apa engga, karena bisa di order dan melakukan pembayaran, 2. Refund berupa voucher dan nominal ga sesuai. 3. Stock kosong di pajang di flashsale, akhirnya dram refund berupa voucher 4. CS slow responnnnnn","1"
"2020-08-11 18:53:58","-1","BURUK. KESALAHAN DI PIHAK SOCIOLLA AJA REFUND BENTUK VOUCHER. E COMMERCE LAIN AJA KALO KESALAHAN HARGA REFUND BALIK KAGA PAKE VOUCHER. MINIMAL 10 RIBU DIJABANIN. MALAH DAPET VOUCHER PERMINTAAN MAAF. INI SEKELAS SOCIOLLA REFUND BENTUK VOUCHER. KECEWA","1"
"2020-08-10 23:32:25","-1","AKU BELANJA BARANG FLASH SALE TERUS KATANYA STOCK HABIS, DI APP MASIH TERSEDIA LOH DAN BISA DI CO JUGA, BUT IT'S OKE SAMPAI SINI SAYA GA MASALAH KARNA DI EMAIL DIBILANG MAU DI REFUND KE REKENING DAN DI SURUH ISI NO REKENING. BESOKNYA DI BALES LG KALO BAKAL DI REFUND PAKE VOUCHER. HELLO PLEASE YA SOCO JANGAN NGADA2. INI NAMANYA PEMAKSAAN DIMANA KAMI HARUS BELANJA DI SOCO LAGI !!! 3 PAKET LOH INI BERARTI 3 VOUCHER GITU DISURUH BELANJA 3X ? SAYA MAUNYA UANG SAYA DI TRF YAA!!! PLEASE JANGAN SEMENA2","1"
"2020-08-10 13:54:06","-1","JANGAN DONLOT SOCO, dahlah males NANTI KALIAN KALAU TRANSAKSI TERNYATA BARANG KOSONG DIBALIKIN PAKE VOUCHER SURUH BELANJA DI TOKONYA LAGI BUKAN REFUND UANG. Nyesel nanti, penipuan ini sih. Ga profesional bgt apalgi flash sale flash sale upil lah ğŸ˜‘","1"
"2020-08-10 11:27:07","-1","Gaa usah diinstal nih aplikasi mending di uninstal aja. Aplikasi buruk balikin dana refund aja berbelit2.. Balikinya pake vocher lagi. Sumpah aplikasi sampah banget ini. Kalo ga mampu bikin aplikasi yg memberikan kenyamanan sma customer mending ditutup aplikasinya bikin aplikasi game aja bos.. Respon kok bodoh sekali ga aplikasi sebelah kalo barang ga ada dana refund langsung balik, ini nunggu 7 hari kerja dan stlah 7 hari mana itikad baiknya. Gaa ada kan, owner nya nih kayanya otaknya sebelah.","1"
"2020-08-10 09:49:19","-1","Barang yang dipesan 4 dan dikirim hanya 2 , ternyata kosong,uang udah saya transfer 339 ribu dan soco point' 70 ribu,mohon secepatnya pengembalian uang saya.","1"
"2020-08-09 17:52:41","-1","Pelayanan burukkk","2"
"2020-08-06 05:54:59","1","Banyak diskon, sayang jamnya jaraknya jauh2 :"""")","5"
"2020-08-05 09:16:42","-1","Very poor customer service and highly not recommended to buy things here. Beli barang yang termyata sudah habis, saya minta refund dong. Refund detail sudah dikirim dr 13 July dan diminta menunggu prosesnya 10 hari kerja. Giliran saya follow up lg emailnya, sampai sekarang belum dibalas dan belum jg di refund uang saya. Email followup ke cs tidak dibalas2, di call tidak bisa, diline disuruh email ke cs.","1"
"2020-08-03 22:38:44","-1","Banyak sekali ya riview tidak memuaskannya. Baru ngalamin ini barang ga dikirim2.. baru juga kirim email ke CS kita liat deh respon nya bagaimana, Jadi sedikit nyesel belanja disini.","2"
"2020-08-03 17:38:16","0","Pengiriman nya lamaaa bgt parahnya masa ada keterangan Rumah kosong atau tdk dihuni pdhl jelas2 itu alamat toko buka dr pagi smp tengah malam.","3"
"2020-07-29 12:14:52","-1","Pengiriman lama, ga jelas status trackingnya, respon cs jg lama Ga recomendedğŸ‘ğŸ‘","1"
"2020-07-27 19:03:20","-1","Tolong dong REFUND uang saya sejak 12 Juli, saya belanja dari tgl 26 Juni, udah hampir 1 bulan duit saya belum balik balik. Kapok saya sama sociolla","1"
"2020-07-22 15:58:05","-1","Saya udah bbrp kali beli disociolla. Terakhir sy beli mengecewakan. Sy beli 4 produk dan sy tunggu bbrp hari gak dikirim2 trs dpt info klo barangnya kosong, jd sy minta refund. Dan saya beli ulang barang yg lain, tbtb dapat info kalo brg sebelumnya restock, tanpa ada persetujuan dr saya dulu. Jadinya saya malah beli 2 paket. Pengiriman juga lama banget. Mending pake ekspedisi yg biasa aja lah. Drpd nyusahin kelamaan gini.","2"
"2020-07-22 10:17:44","-1","sistem pengecekan barang sangat buruk,layanan customer service yang sangat lama dengan ketidakjelasan sistem jadi informasi yang diberikan tumpang tindih,proses konfirmasi diulang ulang dengan informasi yang salah.","1"
"2020-07-21 09:35:49","1","Di email dibalas maksimal 1x24 jam tp sudah 2 hari ga ada konfirmasi lagi","4"
"2020-07-20 08:35:06","-1","Sangat mengecewakan, stock disitus bisa saja tidak update. Jadi walupun kalian sudah pesan dan bayar belum tentu dapat barang nya. Proses refund nya pun sangat lama. Ini saya sudah 11 hari belum kembali uangnya. Fokus di offlinenya aja dehh.","1"
"2020-07-15 14:08:51","-1","orderan dr tggl 8 sampe skg blm sampe orderan saya di revisi Mulu , cs line di tanya bolak balik doang di komplain juga ga ada jawaban","1"
"2020-07-14 20:07:57","-1","Aplikasi ngak jelas Udah dibeli, dibayar, dibilang stok kosong Trus kenapa waktu di aplikasi stoknya tersedia!! Malas beli disini lagi","1"
"2020-07-14 20:02:46","-1","Beli produk di sociolla, sudah dibayar, ada pemberitahuan kalau produknya habis. Ya kalau habis harusnya kan tidak bisa dibeli, padahal habis sya beli produknya masih ada dan dikasih diskon Yang lain beli pas diskon barangnya ada Di saya bilang produknya kosong Kecewa","1"
"2020-07-14 00:06:43","-1","Saya belanja di sephora udah 5 hari barang ga nyampe nyampe. Mau liat resinya caranya gimana? Ini barang udah sampe mana juga gatau. Katanya udah di track order tp belum nyampe nyampe","1"
"2020-07-06 17:03:50","-1","Eroran mlulu. Sekalinya bisa order STOCK KOSONG PADAHAL UDA JELAS DIBAYAR. Itupun gak langsung diinfo ya, uda selang 3-4hari baru diinfo dan respon CS utk replay email lambat banget. Jelek sih skrg sociola. Sering kasih diskon tp kayak yg gak niat kasih diskonnya. Sering php ğŸ‘ kl emg gak bisa atur stock, tutup aja nih APP bukan memudahkan malah bikin masalah.","1"
"2020-07-03 12:50:42","-1","Berdasarkan pengalaman saya 2kali belanja disini, intinya, walaupun kalian udah bisa order dan udah bayar belum tentu barang yg sudah kalian bayarkan tsb. jadi milik pembeli. Krn katanya sih trdpt perbedaan data di stok gudangnya dgn sistem sociolla yg belum terupdate. Itu kata cs sociolla nya sendiri loh. Kalau saya sih, sptnya cukup 2kali saja belanja disini, gak lagi lagi :)","1"
"2020-06-27 17:44:36","1","kerenn pokoknya, tapi track ordernya gabisa langsung dari aplikasi yaa? biar gampang gitu hihi kayak e-commerce lain gituuu. tapi tetep keren! banyak promo yang bikin aku khilaf hehehehe","5"
"2020-06-26 10:51:48","1","Sociolla situs belanja online paling gak ribet, bebas ongkirnya juga syaratnya gampang, gak muter2, mau bebas ongkirnya dipake tiap hari juga berlaku, sesuka itu ama sociolla ampe gak pernah nglirik marketplace lain utk beli make up, skin care, hair care, body care, thanks sociolla","5"
"2020-06-20 14:45:57","0","saya suka aplikasinya, tidak tau kalau bagian packing cepat apa nggak mulai mencoba","3"
"2020-06-19 09:13:44","1","Kalo aku Suka belanja disini team y cpt tanggap bila ada masalah .mdh2an selalu jd terbaik y .","5"
"2020-06-16 17:52:43","-1","Pesen udh 3 minggu nggak di proses2. Tiba2 di email kalo barangnya kosong. Menyedihkan.","1"
"2020-06-15 19:47:13","-1","Orderan belum dikirim, barang kosong dua kali, duit refund belum dikirim, email kagak dibales, kalo gak niat ngurusin apk gausah bikin apk, sorry bintang satu aja buat pelayanannya + uninstall apknya, kecewa berat, recommend beli lewat webnya, kayak pilih kasih banget pelayanannya, email gw belum dibales jg, tolong banget di respon, gw beli pake duit bukan pake daun, alasan orderan banyak, gw coba beli lewat web malah ini duluan yg gw terima, ngelawak anda","1"
"2020-06-13 12:09:32","-1","refund lama","1"
"2020-06-08 21:42:01","1","Segitunya ya cari untung dari ongkir. Saya pikir beli make up atau skin care disini akan lebih elegan, dengan pelayanan yg oke dan cepat proses dibanding marketplace si hitam. Ternyata ngasih ongkir 2x lipat dari seharusnya. Dan ga ada konfirmasi no resi.","4"
"2020-06-07 22:52:03","-1","Web dengan stok di gudangnya ga update banget bikin customer kecewa untuk ke 2x nya orderan ke 1 di revisi karna stok kosong dan akan di refund dana yang barang kosong nya dan tiba tiba dpt email lagi untuk orderan yang revisi stoknya juga kosong hadeh gimana sih min kocak bgt ya seharusnya di keep dulu barangnya untk orderan yg sebelumnya kan itu bukan di cancel tapi cuma di refund doang yg barang kosongnya seharusnya disiapkan dulu min udh nunggu 1 minggu dapet info kosong lagi gimana g kesel","1"
"2020-06-04 15:28:05","1","Alhamdulillah selama belanja di sociola belum pernah dikecewakan, pelayanannya bagus. Tapi Kenapa akhir2 ini save product tidak muncul yaa di aplikasi ? Mohon di perbaiki aplikasinya.","4"
"2020-06-04 15:23:43","-1","Ngasih bintang satu pun enggan rasanya, sayang sekali punya kurir kok ga sopan mengecewakan sekali dan ga ada niatan buat belanja disini lagi sangat sangat mengecewakan kurirnya. Otw report kurirnya:)","1"
"2020-06-03 14:08:14","-1","sekarang kok gratis ongkirnya buat diatas 250kğŸ˜­ğŸ˜­ğŸ˜­ğŸ˜­ğŸ˜­, setidaknya gabisakan kurangin nominal minimal nyaaaa, kasian bgt ini yg di kalimantan harga ongkir 2Ã— lipat harga barang yg mau dibeli","1"
"2020-06-02 17:58:36","-1","Bagus belanja di sini tapi packing nya tidak rapih apalagi kalau belanja barang nya mudah pecah dan jasa pengiriman nya selalu berubah ubah","2"
"2020-05-29 18:32:54","-1","Parah sih pengiriman barangnya pesen dari sebelum lebaran niat nya mau d pake pas hari lebaran sama istri, ini baru nyampe seminggu setelah lebaran. Giliran bayar di minta cepet pas ngirim lama.","1"
"2020-05-27 23:13:10","-1","Baru pertama beli udah dibayar eh besoknya baru konfirmasi barang ada yg kosong. Terus ditanya mau Refund total atau yg kosong aja, drpd kecewa minta refund total. Terus dibilang refund nya 7-10 hari, udah kadung kecewa, kesalahan bukan dr pembeli juga refund nya lama banget. Intinya kecewa. Tambah kecewa karna ini servernya nggak diupdate atau gimana ya? Kok mau buka aja luamanyaaaaaaaaaa butuh waktu 5 menit, dr jam 9 sampe jam 11 ak beli 5 item aja nggak bisa2 akhirnya nggak kebagian barangnya","1"
"2020-05-27 17:09:33","-1","Beli Lipgloss Esqa Cosmetic di Sociolla. Barangnya sampainya lamaaaa bgt pdhal waktu itu blm ada PSBB maupun lockdown. Pengiriman sempat dilempar dari satu logistic ke logistic lain. Setelah sekian lama ditunggu, barang akhirnya sampai DALAM KEADAAN SALAH. Pesen lipgloss ukuran besar yg dikirim ukuran mini.","1"
"2020-05-18 16:32:26","1","Alhamdulilah pesenanku sampai. Order tgl 12 mei sampai tanggal 18 mei yg nganter SAP","4"
"2020-05-12 08:17:12","1","Saya suka belanja disini. Tolong ditingkatkan ya untuk jasa pengirimannya. Lebih baik customer bisa memilih sendiri jasa kirim apa yg ingin mereka gunakan. Klo pake jasa kirim yg dari sociolla kasian ketika harus ngirim paket ke daerah","4"
"2020-05-11 11:37:40","1","Admin sociolla responsif dalam menanggapi pertanyaan â™¡ Syenang bisa belanja produk ori dgn banyak discount disini asal rajin mantengin aja apalagi tanggal tua ^^","5"
"2020-05-09 14:24:06","1","Bagusla costumer servicenya, kalo kita menanyakan sesuatu pasti lgsg ditanggepin ko, cuma saja kendalanya di pengirimannya","4"
"2020-05-08 01:10:29","1","Kurang banyak diskon nya dan pengiriman agak ribet","4"
"2020-05-07 10:43:34","-1","Tidak seperti app lainnya yang bisa melacak pesanan sampai mana tracknya, saya email 2x kepada pihat sosiola tentang bagaimana cara cek tracknya tapi tdk ada respon, sungguh terpaksa saya beli produck"" di sini ğŸ˜‘ğŸ˜‘ , app tidak baguss sama sekali ğŸ‘ğŸ‘ğŸ‘ğŸ‘","1"
"2020-05-06 21:22:46","1","sering"" kasih promo yaa sociolla","5"
"2020-05-06 20:28:07","1","still fine for me. thank you for making this app, shopping make up is easier and faster now.","5"
"2020-05-05 22:31:10","1","Tolong tambahkan pembayaran lewat dana apk","4"
"2020-05-05 12:32:30","0","Tidak bisa memilih jasa pengiriman.","3"
"2020-04-25 19:05:08","1","Pesanan aku udah sampe setelah dpt konfirm dari DM di Sociolla, makasih ya,, mantapğŸ˜ŠğŸ‘ğŸ»","5"
"2020-04-24 22:18:51","-1","Tolong banget deh ya. Metode pembayaran agak susah & tidak bisa lanjut. Dapet email aja gak, suruh bayar iya. Kelanjutannya gak tau gimana. Aplikasi kacau. ğŸ‘ğŸ‘ğŸ‘","1"
"2020-04-24 10:12:56","-1","Tolong proses refund pesanan saya no pesanan JEQDFXDLG. hampir sebulan tidak ada konfirmasi kapan mau di trnsfer, email saya tidak pernah dibalas.saya sangat kecewa dengan sociolla untuk pesanan kali ini.tolong di respon email saya","1"
"2020-04-23 13:18:58","-1","ini review saya tekait sociolla, saya gak tahu ada hambatan apa sehingga proses refund uang saya berbelit-belit dan memakan waktu yang lama. Dan Konfrimasi pembayaran juga sangat memakan waktu. Mohon diperbaiki sistem kerja Sociolla ğŸ™ saya salah satu konsumen yang telah kecewa.","1"
"2020-04-17 23:12:39","-1","Parrrraaaahhhh...... Kapok pakai market place ini Jangan2 penipuan kali ya..... 14 hari ga jelas ini barang ada dimana, kemana, ga ada cs yg jelas. Untung duit ga sampai 100rb. Duh!","1"
"2020-04-13 22:19:59","0","Untuk pengiriman mungkin bisa dipercepat, saya pesan dari aplikasi sociolla agak lama sampainya.","3"
"2020-04-12 15:47:30","-1","Coba-coba beli obat jerawat disini dari sebelum jerawatnya belum nongol sampe kening bengkak kaya siluman babi sampe sekarang jerawat udah kempes belum dateng juga. .untung nyobanya yg murah dulu coba langsung beli yg mahal mati bediri bisa2..ga lagi2 belanja disini.","1"
"2020-04-07 09:01:46","-1","Pertama kali belanja disini uda kecewa. Lama bgt pengirimannya, ga sesuai sama yang dijanjikan. Pesanan ga bisa dilacak. Respon cs lambat.","1"
"2020-04-05 22:29:59","-1","Tolong responnya dong, pertama kali saya belanja di soco baru aja beres bayar lewat ovo eh dapet email katanya pesanan dibatalkan, padahal saya ga ngebatalin, da uang saya pun blm kembali sampe sekarang, udh saya email ke cs nya tapi gaada jawaban. Tolong dong responnya ngerugiin banget ini !!!","1"
"2020-04-04 10:45:25","-1","Saya pesan dari tanggal 25 maret sampai sekarang barang belum sampai,saya sudah email ke Cs 2 kali tapi tidak ada balasan. Apa ada kontak yang bisa saya hububgi","1"
"2020-04-03 21:16:11","-1","Sy bingung dg sistem pembelian disini. Bgm bisa pesanan tercancel otomatis pdhl dr customer tdk mencancelny. Pdhl persis sebelumny pesanan tlh terconfrim. Sy dibilang membayar tdk sesuai harga pesanan padahal saya membayar nominal yang sesuai, mungkin krn disitu tdk tercantum saat sy mendapatkan potongan harga dg kupon dan pembelian saat flash sale. Tp asli ini aneh bgt haha Tolong jika ingin meningkatkan kuantitas penjualan diimbangi dengan kualitas dan koordinasi fungsi satu sama lain. Thx","1"
"2020-04-03 05:39:35","-1","Parah banget order dari thl 24 sampe tgl 3 GAADA KEJELASAN ! email Cs katanya pengiriman lewat lion.. dm di ig ktnya pengiriman lewat SAP, info ga jelas. Diskon2 terus yg diaplod sampe orderan membeludak akhirnya paketan org TERBENGKALAI ! HARUSNYA pelayanan sama kualitas pengiriman yg diperbagus semakin kesini kok semakin buruk.. semoga kedepannya lebih baik","1"
"2020-04-02 18:22:09","1","Kak saya minta nomor resinya kok gak dibales,saya udah ngirim melalui email.","4"
"2020-04-02 12:06:10","-1","nyesel seumur hidup belanja disini , najis , baru pertama kali belanja disini edan pengiriman lama banget seminggu lebih , giliran di email eh katanya barang kosong , 2 hari berikutnya di email lgi barang di cancel sepihak , heh lu pikir gua bayar pake daun gw bayar pake duit bambankk , mana smpe skrng blm di refund dananya, awas aja klo sampe gk di balikin duit gua , gua tuntut nih perusahaan , sumpah gk recommended , gk usah belanja disini admin kgk jelas tibaÂ² cancel sepihak , respon lambat","1"
"2020-04-02 08:06:21","-1","SISTEM PENGIRIMANNYA ğŸ‘ Seminggu lebih nunggu, padahal orderan pertama beli pake app ini, beli barang di batam aja ga selama ini dong, dan bener gabisa lacak paket, kalo ada update an paketnya kan nunggu 2 minggu juga gamasalah, tapi ini gatau di mana paketnya. Cukup tau aja deh kedepannya ga lagi lagi , maaf, makasih!!","1"
"2020-04-01 17:02:34","-1","Daripada beli di sociolla mending beli yg di marketplace ijo oren biru aja ketauan kalo pengiriman lama bisa komplain kemana dan refundnya cepet. Asli ni dah hampir 2 minggu barangnya ga jelas, status ga jelas, ga ada resi, mau komplen kemana ga tau.","2"
"2020-04-01 11:12:12","-1","Pernah belanja disini nyampe nya seminggu. Waaaw mana gak ada resinya lagi ğŸ˜Ÿ Udah gtu tiap mau klik apa2 loading ny lama bgt, padahal sinyal bagus","1"
"2020-03-31 16:22:54","0","Jika bisa COD bintang 5","3"
"2020-03-31 12:28:49","-1","Saya belanja ga dikirm2 saya email tpi di phpin. Buat tmn2 jngn pesan dsni lgi","1"
"2020-03-29 14:36:22","-1","Olshop dengan pengiriman terlamaaaa di antara olshop"" lain.. parah bgt sih lamanya. Deskripsi pengirimannya cuma shiping gtu doang, resi gak ada, barang gtau dimana.. blanja udah 2x dsini tapi ttep aja samaa.. lamanyaaa..","2"
"2020-03-29 08:22:44","-1","Saya pesan produk dari aplilasi ini sidah trasfer tapi statusnya blm di kirim2 mohon di bantu","2"
"2020-03-25 16:09:57","-1","I m truly sorry vo give this feedback before bcause it's outta my expect about Soco. Kapok aing belanja di Sociolla. Barang lama sampenya pisan, kurir dipilih ngga kredibel banget pdhl ada yg bagus tp dipilih yg so so even worst in my opinion. Terus di notif updatenya ngga dicantumin kode trackingnya jd ngga bs lacak pesanan udh sampai mana.","2"
"2020-03-24 09:40:58","-1","Pertama kali belanja di olshop pengiriman nya luar biasa LAMA. Pertama kali pesan sampai 5 hari, dan kedua kali pesan sudah seminggu barang belum dikirim kirim terus tiba tiba order status jadi refund. Tp akhirnya barang terkirim dan yang dikirim cuma 1 item padahal saya pesan 2 item jadi udah 2 minggu pesanan saya blm sampai semuanya!!! Udah hubungi cs tp udh sekitar 2 hari blm ada perubahan tetang pesanan sy! Jelek bgt pelayanan nya! Next order? gak lagi kayanya. Malah mending uninstall aja.","1"
"2020-03-22 21:38:20","-1","Penipuan nih barang ga datang datang","1"
"2020-03-20 05:33:15","-1","Ulasan saya sebelumnya di hapus, haha Oke saya tulis lagi. Pertama saya belanja lama bgt sampe, yg kedua juga sama lamaa, hampir 2 minggu. Yg ketiga, parah bgt di cancel dong, sudah seminggu ga ada info, tau2 dicancel. Saya email ke cs katanya kosong semua, anehhh!!!! Dan mana di refund?? Lama banget refundnya!!!! Sumpah kecewa bangett!!! Ga akan saya belanja lagi disini, saya akan unistal.!!!!","1"
"2020-03-14 18:57:31","1","Sejauh ini sy selalu puas sm pelayanan di Sociolla. Barang sll lengkap,aman,dan cpt sampai. Mskpn stok hbs trs qt udh telanjur trf,at least mreka inform dl via email dan akan trf balik (tp kasus sy direstok). Bonus jg sll dpt klo ikut eventnya. TOP deh","5"
"2020-03-14 13:20:05","1","Kemaren sempat transaksi gagal, dan voucher hangus. Alhamdulillah pihak sociolla mau bertanggung jawab","5"
"2020-03-14 03:59:55","0","promo / discount 70-80% nya tolong dibanyakin ya sist","3"
"2020-03-14 03:20:11","-1","Aku mesan barang. Pas konfirm pembayaran statusnya blm konfirm masih waiting bank transfer. Gimna tuh udah bayar tp ngga ada reaksi apa2. Udah dklik masih statusnya blm bayar. Padahal 24 jam barang hangus. Uang melayang. Tolong dong segera tindaki ğŸ˜¡ğŸ˜¡ğŸ˜¡ğŸ˜¡ğŸ˜¡ğŸ‘ğŸ‘ğŸ‘ğŸ‘ğŸ‘ğŸ‘. Habis ini ngga mau belanja disini lagi.","1"
"2020-03-07 15:57:49","-1","Pesanan yg sbelumnya sudah dikonfirmasi pembayarannya, mlah tidak terproses dan hrus mnunggu lagi untuk brang dikirim","1"
"2020-03-06 11:04:14","1","Saya suka belanja di sociolla karna lebih gampang dan lengkap.. Trus barangnya datang sesuai pengiriman dan tepat waktu...","5"
"2020-03-03 19:01:49","-1","GAK BAKALAN LAGI BELANJA DISINI !!! Seumur hidup belanja online baru kali ini KECEWA BERAT Kenapa gak dari awal di informasikan mengenai stock barang kalau memang kosong dan harus diganti Gak pake kirim balik barang baru dikasih info kalau produk kosong dan dapet pilihan refund atau dikirim kembali produk yang salah (yang gak sesuai dengan deskripsi awal)","1"
"2020-03-01 12:29:12","-1","-[Ulasan terbaru saya] untuk pembayaran permata bank kenapa tidak bisa diklik ya di apps? Logo permata ngga muncul dan ngga bisa bayar, tp kalo buka lewat browser biasa bisa pake permata bank, kenapa app ini masih lama ya padahal saya sukak cuma ngeselin pas mau bayar problemnya itu mulu, mana kode voucher dah kepasang, saya buka lwt browser ya vochernya gabisa dipasang lagi :( awas aja kalo balesnya coba cek koneksi internet anda, nih ya koneksinya lancarrrrr plis atuhlah","1"
"2020-02-28 23:50:10","1","Suka sih ama aplikasinya. Detail gitu ulasannya. Cuma promo gratis atau diskon ongkirnya lebih sering dong.","4"
"2020-02-25 22:57:14","-1","Halo. Saya sudah order barang di sociolla. Sebelum nya aplikasi soco by sociolla sudah saya update. Saya mau konfirmasi pembayaran dan klik konfirmasi malah tidak ada respon apa apa. Hanya loading saja dan balik lagi ke payment confirmation. Tolong di bantu karna kalau sudah 24jam tidak di konfir nanti orderan saya hangus dan uang saya hilang saja. Trims.","1"
"2020-02-22 23:18:56","0","Awalnya aja beli barang cepet Sampe sm dikasi email no transaksi sm no resi sekarnag gada sm sekali. Gataunya nomor transaksi sekaligus nomor resi. Gimana sih gajelas","3"
"2020-02-22 19:50:02","1","Respon , pengiriman , packaging okeee semua","5"
"2020-02-22 11:00:50","1","Lbh cpt lg update skincarennya bnyk yg kosong brng..trus bnykn salenya","5"
"2020-02-15 21:55:40","-1","Sekarang kok berbayar ongkirnyaa yaah sedih bgtğŸ˜­ğŸ˜­ğŸ˜­","2"
"2020-01-16 17:49:13","1","overall baguss sih, dari packing sangat rapih pake dus gitu lucu, terus dari kecepatan pengiriman bisa dibilang cepet yaa, cuman sayang kalo dah transfer pas mau confirm sukaa susah dipencet nyaa, harus dari website nyaa, sukses terus sociolla!!","4"
"2020-01-16 13:22:25","1","Sociolla ayo pake free ongkir supaya kita yg fakir ini mampu beli gak terbeban ongkirğŸ˜­ğŸ˜­","4"
"2020-01-16 13:21:56","-1","Kok skrg utk free ongkir nya ada minimal 200an gitu ya. Pdahal suka sama sociolla krn ga prnh ngenain ongkir walau belanja brp puluh ribu","2"
"2020-01-11 16:05:45","-1","kok sociolla sekarang ada ada biaya ongkirnya ya? pdhal udah langganan banget kalau beli skincare di sini karena barangnya ori dan free ongkir. sekarang jd mikir lagi kalau mau belanja pakai app ini","2"
"2020-01-06 13:55:49","0","Aplikasi yang bagus. Cuman saya prefer menggunakan versi website karena melalui aplikasi tidak tersedia pembayaran melalui LinkAja. Dan entah ini aku yang gabisa nyari atau gimana, kadang stok nya tidak selengkap di website.","3"
"2020-01-03 20:35:38","1","Pengalaman belanja yang menyenangkan dengan customer service yang ramah dan cepat dalam menanggapi, selain itu produknya juga di jamin ori dengan pengiriman yang aman pula love banget dech!","4"
"2020-01-03 14:33:34","1","Baguss... Banyak infonya apalagi pas dapet soco box nya makin happy... Makin suka","4"
"2020-01-01 19:24:36","0","Kurang cucok sekarang minimal order 200rb baru bisa gratis ongkir","3"
"2019-12-31 21:24:00","0","sociolla pliss dong perbaiki kinerja nya,saya udah pesan barangnya dan udah membayarnya tapi tidak ada konfirmasi dari pihak sociolla,saya hanya ingin mengetahui kapan barangnya sampe rumahku tapi gaada keterangannya,tolong dong mempermudah kita untuk mengetahui tentang pengiriman pesanan barang,dan harusnya fast respon saat diemail, perbaiki kinerjanya dong plis,jangan membuat konsumen bingung:((","3"
"2019-12-27 21:15:21","1","Mau ngucapin terima kasih banyak sociolla. Aku ngga perlu susah2 lagi buat beli skincare. Tampilan aplikasinya cantik banget,pilihan skincare dan kosmetik banyak banget, gratis ongkir tanpa syarat dan banyak diskon juga.","5"
"2019-12-23 22:38:31","0","Nyaman belanja d sini free ongkir,cmn barangx lama sampaixğŸ˜¥ğŸ˜¥ğŸ˜¥","3"
"2019-12-18 21:52:04","-1","Order tgl 11 des... Smpai hari ini tgl 18 des blm dater paketan nya.. mana gk ada jejak kurir nya... Gk ada no mer resi nya... Mana kita tau orderan kita sampai mana.... Aduhh ini aku yg gk ngerti pake app soco apa emg app soco yg gk bener??? Tolong orderan saya gimana????? ğŸ’©","1"
"2019-12-16 10:27:36","-1","Sebagai pengguna baru dan pertama kali pesan merasa sangat kecewa karena harusnya buy one get one tapi cuma dapat satu padahal udah beli banyak jadi merasa rugi, aplikasinya juga sering eror","1"
"2019-12-14 13:15:31","-1","Kecewa bgt flash sale harga jadi 12rb tapi saat checkout kok harganya normal .. Udah gtu lemot bgt ...","1"
"2019-12-13 22:02:49","1","Pertama kali dapet giveaway disini,udah 2 kali dapet,kakak aku juga udah 3 kali dapet cinta banget sama aplikasi ini :')","5"
"2019-12-13 00:24:06","-1","Sale 12.12 nihil. Gak bisa di akses! Giliran besokannya lancar da udah gak sale lagi. Kalo gak niat bikin sale gak usah bikin deh jangan bohongin kita!","1"
"2019-12-12 21:34:13","-1","Maaf ya saya kasih bintang satu, loh kok kenapa? Gini masakan saya udah bayar pesanan saya, terus udah konfirmasi juga, eh tiba tiba dapet email sehari setelahnya kalo barangnya abis dan uangnya bakal di kembaliin, loh kok bisa abis sih? Padahal kemarin udah dapet email kalo tranksaksinya berhasil dan tinggal nunggu pesanan saya dateng dong? Kecewa berat maaf","1"
"2019-12-12 16:54:20","0","Untuk kualitas produknya bagus dan pengirimannya terbilang cepat, tapi untuk app loading nya lama banget, bahkan sering eror, mau buka shopping bag ngga bisa terus, padahal wifi lancar, tolong app nya ditingkatkan lagi ya, karena sayang banget kalo produk oke, platform oke tapi tidak ditunjang dengan app yang cepat dan bagus.","3"
"2019-12-12 09:20:59","-1","KAPOK PAKE SOCIOLLA saya udah sabar nunggu loadingnya yg lama bgt plus error mlu pdahal wifinya cepet eh malah pas saya uda bayar orderan saya dicancel udh gtu pembayaran batal tpi uang saya tidak kembali saya bayar pke gopay saya suda protes ke email sociolla tp balasannya hanya request recevied saya protes ke gojek ktnya harus dri pihak sociolla tolong donk gmna","1"
"2019-12-12 00:34:11","-1","dasar penipu ilunk, gatau diri kalo belom. bisa bikin app, gausah ngadain promo anjeng, jadi emosi ni, laptop aja ampe gua gaplok gara gara lu bgst","1"
"2019-12-11 06:34:41","-1","Download aplikasi ini garaÂ² buka website nya dari google trus byk promo dan gratis ongkir dibanding apk sebelah, trus download and mulai daftar(udh ilfil gegara lemot bgt trus keulang ulang) akhirnya bisa sih.. trus aku cari target ku yg udah aku liat dari website langsung beli.. eh pas mau di pencet kagak bisa sampe skrng.. jd aku ngk bisa pesan apaÂ² and yeeaahh....(edit) pembayaran dgn tf juga ribet pake banget...! Mesti isi no.rek dulu lah.. hhmmmğŸ™ğŸ™ğŸ˜Œ","2"
"2019-12-07 09:49:17","-1","aku sudah transfer.. tapu di aplikasinya masih tertulis waiting payment.. terus mau konfirmasi di payment confirmation malah tulisannya shop now sih ... gimana ni uang ga bisa kembali","1"
"2019-12-07 00:10:13","1","Suka banget belanja dsni Karna di daerah ku ngak da mall jadi ngak usah pakek jastip lagi belanja Tenang cs nya baik"" semua kok Semua barang aku sampe dengan selamat dan minta resi nya ngk sulit cukup email ke cs nya Suka banget pokok nya belanja dsni GRAAAAATISSSSS ONGKIR CCCCCYYIIIINNNğŸ¤£","5"
"2019-12-02 20:01:14","-1","Paket saya dikirim ke rumah orang lain ,jadi ambil sendiri, mangkanya kok belum dateng"" ,ini gimana?","1"
"2019-12-02 17:29:20","-1","Mengecewakan, pengirimannya lambat bangettttttttttt","2"
"2019-11-29 15:20:28","1","Kalian pkai jne or jnt saja kirimnya. SAP di sini ngaco banget. Gak dikirim-kirim barangnya.","4"
"2019-11-26 05:47:22","-1","Promonya tipu tipu, ga profesional bgt suka cancel sepihak","1"
"2019-11-13 22:15:29","1","Gratis ongkir yg paling aku suka, banyak promo menarik","5"
"2019-11-11 16:37:03","1","Nah, akhirnya gua download sendiri hehe, biasanya gua pake punya temen krna hp gua baru beli. sumpah gua suka app ini, ada review yang membantu banget, terus ada kontent nya yg seperti video terus ada juga how to use, aku suka banget harganya terjangkau, gak pernah mengecewakan dan finally yg gak bikin nguras kantor free ongkir. Aku suka banget hehe, semoga tetap free ya. Ini bakalan aku recommended bagi yg blm download. Sukses terus","5"
"2019-11-09 10:08:22","1","sukaaaa banget sama apk ini, bisa liat review terus langsung beli produk nya, praktis gitu dalam satu apk, pengiriman nya juga cepetttt buangettt, dan sering ada diskon diskon gituuu","5"
"2019-11-07 15:24:11","-1","Nunggu 10 hari status pesanan masih order on check, klo gk diemail CSnya gk bakalan tau klo ada produk kosong. helloo klo emang produk out of stock harusnya dikonfirmasi secepatnya bkn bkin kita nunggu sampai selama itu tanpa kejelasan..sumpah ini sdh kesekian kalinya diginiin padahal udah langganan brp tahun","1"
"2019-11-06 21:32:45","-1","Dear minta di tindak lanjut dong Yang pertama aku order lipstik polka sudah dari bulan lalu blm aja di kirim, statusnya masih order in progress Yang kedua aku order himalaya cream sudah aku transfer tp status nya auto cancel ga jlas masalah nya apa Aku juga sdah krim email sblmnya sampai 2x tp tidak ada respon, lalu untuk apa adanya email cs ini Sbnernya aku gamau tlis keluhan aku d ulasan ini tp karna masalah aku ga knjung selesai mngkin dari sni biar jd pelajaran ya buat plyanan aplikasinya.","1"
"2019-11-05 09:33:56","0","Pertamakali nya order disini produk 100% original tpi yg sangat disayangkan pengirimannya super lama, pesenan saya seminggu bru nyampe, tolong di ubah pengirimannya jgn lewat wahana kak lama bgt lewat pengiriman itu","3"
"2019-11-04 18:55:40","1","Aplikasi sangat terpercaya saya tinggal d papua barang bisa sampai tepat waktu dan pekingx rapi. Trimakasih soco ğŸ¤—","5"
"2019-11-04 08:59:25","0","Untuk bertransaksi di sini lumayan merepotkan.. harus di ss dulu agar tetap ada nomor bank yang akan di kirim..","3"
"2019-11-01 09:54:54","-1","KECEWA BANGET. MENDING TUTUP AJA DEH APLIKASI INI. SUKANYA PHP. REFUND UANG JUGA TIDAK JELAS.","1"
"2019-10-31 08:59:06","1","Aplikasinya bagus,jadi lebih mudah mencari review, banyak event2 seru dan giveaway","5"
"2019-10-30 12:49:13","1","ini pengalaman pertamaku belanja di sociolla. dan ternyata ga mengecewakan. baru pesan kemarin siang, keesokan harinya sudah sampai. barangnya juga aman, ga ada cacat sama sekali. perihal harga juga bersahabat. apalagi, di sociolla suka banyak discount. keren lah pokoknyağŸ’","5"
"2019-10-28 11:56:23","-1","Pengalaman belanja, barang order gak pernah nyasar tapi emang lama sampai ke tujuan. Bisa sampai 10hari lho ketempatku. Kalo ada even diskon ato even voucher yang sehari pasti susah checkout di aplikasinya. Pindah ke web pun begitu. Kalo udh lancar di aplikasi, berarti voucher udah habis alias ""gak kebagian"". ğŸ˜« Ku kasi bintang 2 aja dulu.","2"
"2019-10-24 16:09:53","1","Betul-betul free ongkir yahğŸ˜","5"
"2019-10-24 12:02:58","1","Waktu restocknya agak lama","4"
"2019-10-24 11:08:08","-1","Kadang2 yg tertulis dalam flashsale diskon 50%, sewaktu dibuka produknya hanya diskon 30%. Kurang konsisten yaa..","2"
"2019-10-23 14:22:54","1","Mohon untuk antisipasi jika ada event promo besar2an baik dari pemilihan pengiriman atau laporan system status orderan ke email.. Terima kasih:(","4"
"2019-10-20 20:38:17","0","Pengirimannya super duper lama","3"
"2019-10-20 19:46:46","-1","Saya memesan 3 item produk via soco merk nivea dan raiku. Saya sudah transfer dana, 18 hari setelah konfirmasi pembayaran, statusnya tetap shipped. Kira2 pesanan saya sudah dikirim atau belum? Mohon informasi costumer service yg bisa dihubungi","1"
"2019-10-17 18:20:49","1","Suka bgt sma sociolla,blm lama kenal ada klai baru setahun,banyk promo dan diskon dan gratis ongkir, terbaikkks luvv","5"
"2019-10-14 01:03:08","1","Pengeriman barang cepat, aplikasi juga banyak diskon dan pastinya ori. Kuy download","5"
"2019-10-12 18:57:04","1","Walaupun order history-nya masih error, alhamdulillah barang sudah sampai. Trus seneng banget ya Allah.. dapet socobox garnier.. thankyou sociolla..","4"
"2019-10-12 07:41:14","1","pengalaman belanja di sociolla si gag mengecawakan. barang lengkap harga bersahabat. selain itu kita juga bisa lht review produk trlbh dahulu sblm mncb produk baru. i like that. oh iya mgkn sociolla harus kerja sama dgn kurir lain agar ada plhan beragam, serta paket lbh cpt sampai.","4"
"2019-10-11 16:27:08","1","Ih ini aplikasi belanja skincare dan make up the best dehhhh... sayang banget baru kenal ni aplikasi tahun ini.. padahal sebagus itu.. alternatif skincare korea yang belum dijual di offline store seperti watson dan guardian.. banyak juga diskonnya. Mantappp, gw selalu pantengin promo2 sociolla.. mayan bangettt","5"
"2019-10-09 08:39:31","1","pengiriman barang jgn terlalu lama","5"
"2019-10-08 07:55:45","0","Buset update terus appnya, bary beberapa kali sih, kecewa sama soco ini, 1. Ketika barang gak nyampe2 2. Ketika buy1 get 1 dapetnya cuma satu ğŸ˜‚ Plis perbaikilah, gw sangat suka belanja disini. Tapi gw wajarin, karena pastinya banyak orang belanja dan pas di gw suka banyak lupanyağŸ˜","3"
"2019-10-07 22:34:29","-1","Penasaran, maintenance aplikasinya ini gimana ya? Ada QAnya kah untuk aplikasi sociolla ini? Krn banyak bug yg saya temuin, dan apakah developerrnya/QAnya melakukan performance testing? Krn aplikasinya sangat lamban sekali:( saya kira koneksi saya yg kurang bagus. Padahal saya selalu rajin cek sociolla untuk melihat lihat review product yg ingin saya beli dan biasanya promonya banyak yg menarik. Tp gregetan:(","2"
"2019-10-07 20:22:45","-1","Ini kenapa sociolla makin kesini untuk diakses susah sekali, saya mau liat orderan saya yg sudah saya pesan sudah sampai mana jadi ga bisa! Saya tidak bisa melihat history orderan saya. Padahal saya sudah pakai wifi, sampai pakai paket internet sendiri, sudah hapus chache samapi uninstal install ulang kembali, log out log in berulang2, sudah update terus jika aplikasinya butuh permbaruan,, tapi tetap tidak bisa liat histori orderan. Mohon diperbaikin ini!","2"
"2019-10-07 19:18:06","1","Worth it bgt banyak discount tentunya meskipun pengiriman lama karna emng sistemnya produk dikirim 3hr setelah order hehe â¤ï¸â¤ï¸â¤ï¸","4"
"2019-10-07 11:56:55","1","Aplikasi yg trusted bgt buat belanja dan royal ongkir","5"
"2019-10-07 08:42:54","1","Seneng klo lg ada diskon hehe","5"
"2019-10-07 08:39:41","-1","Saya kasih bintang lima lagi nanti setelah barang Order Number :HBXIMYEVG saya sampai ,sudah lebih dri satu minggu ğŸ˜­ dan saya belanja lebih dari 5 item..sedikit kecewa sih","1"
"2019-10-07 03:41:33","1","Soco bagus, desain aplikasi semakin menarik, banyak promo yang menguntungkan dan selalu ada inovasi baru","5"
"2019-10-05 12:38:47","-1","Gemes banget minta update mulu tiap buka apps ini. Padahal sungguh suka banget sm appsnya, barangnya good, diskonnya selalu lebih murah dr toko lain. Walau kadang waktu pengirimannya ga stabil, pernah kaget sehari udh sampe tp pernah juga 5-7 hari baru sampe. Semoga diperbaiki layaaa biar ga update muluu.","1"
"2019-10-05 05:48:53","1","Lumayan bagus, penanganan cepat","5"
"2019-10-04 18:36:05","1","Memanjakan wanita jadi gak perlu keluar rumah make up yg datang ke rumah barang nya juga terjamin","5"
"2019-10-04 15:17:59","-1","Sorry bintang 1, kecewa sama pengirimannya, baru kali ini belanja online selama ini prosesnya, 1 minggu pesanan diproses, hari ke 8 baru dikirim, aplikasi juga kok harus diupdate tiap minggu","1"
"2019-10-04 08:39:53","1","Sering adain promo gede, gratis ongkir ya soco","4"
"2019-10-03 13:35:59","1","Murah, tapi pengiriman lama padahal nungguin","4"
"2019-10-02 07:21:35","0","Pengiriman super lama. App sering eror","3"
"2019-10-02 01:02:00","1","Belanja jdi gampang sekarang Adain promo socoapp50 lgi dong ka wkwkğŸ˜‚","4"
"2019-10-01 19:51:39","-1","pesanan saya sudah 2 hari tidak sampe dan saya juga tidak tahu bagaimana ngecek nyaa kapan sampenya barang saya","2"
"2019-10-01 07:55:45","1","Lengkap murah dan pengiriman cepat. Serta packing yg rapi","5"
"2019-09-28 16:48:58","1","Kutungguuu selaluu diskon dan surprise2 lainnyaaaaağŸ˜ğŸ˜ğŸ˜ğŸ˜ğŸ˜ğŸ˜ğŸ˜","5"
"2019-09-27 07:03:40","1","Belanja smakin mudah dengan soco","5"
"2019-09-27 06:02:24","1","Suka bgt sm aplikasinya, sering ada discountâ¤","5"
"2019-09-26 10:40:54","1","Aplikasi yang bagussss ... banyak diskon pulaaaaa","5"
"2019-09-25 11:46:52","1","Banyak discount, pelayanannya cepat, sering ada event yang seru","5"
"2019-09-25 00:26:54","1","Baguuus tapi pengirimannya lamaaa banget","4"
"2019-09-21 07:13:54","1","Sejauh ini puas sih pengiriman nya cepet banget dan barang nya ori","5"
"2019-09-21 03:33:15","1","tempat berbelanja paling trusted pokoknya... gabakal nyesel deh. shipping jugaa cepat dan barang sampe dengan selamat","5"
"2019-09-19 08:34:05","1","App yang jeren. Pengirimannya cepat dan murah2 lagi :)))","5"
"2019-09-16 16:45:31","1","bagus banget sering ada promk","5"
"2019-09-14 18:43:34","-1","MALAS BAT SEKARANG SOCIOLLA UDH PKE ONGKIR KLO GA BLNJA DIATAS 200:(( SEDI AKUTU AWALNYA DONLOD KRN GRATIS ONGKIR TP KRN BGINI OTW DELETE:((","2"
"2019-09-14 14:14:56","1","good, bermanfaat, dan diskonnya lumayan ğŸ’•. Paling rekomend untuk beli skincare","5"
"2019-09-14 11:12:26","1","Diskonya mantul...","5"
"2019-09-14 10:09:35","1","Belanja di sociolla, produk ori, banyak discount, dan free ongkir","5"
"2019-09-13 19:11:51","-1","Sebelumnya mohon maaf hanya kasih bintang satu, kalau keluhan saya sudah ditangani, Insyaa Allah saya ganti. Saya melakukan pemesanan dan pembayaran pada hari Senin, 9 September 2019. Saya memesan 5 item dengan total 300rb lebih. Selang beberapa hari, saya upgrade aplikasinya lalu saya liat pemesanan saya hanya tertulis ""4 item purchased"". List orderan saya hilang satu sedangkan saya sudah bayar untuk kelimanya. Dan juga, hari ini sudah terhitung hari ke-5 tapi barang saya belum datang juga.","1"
"2019-09-13 10:04:35","1","Uda berkali-kali belanja produk skincare dan make up lewat soco, alhamdulillah ga pernah kecewa :))) Pengiriman cepat (ke banyuwangi) 5-7 hari, kurir pun selalu telfon dulu kalo mau kirim :)) Lain kali kasih saya menang socobox donggg wkwk","5"
"2019-09-13 10:01:24","1","Banyak diskon aku suka","5"
"2019-09-12 01:24:42","1","aplikasi yang sangat membantu untuk berbelanja skincare khususnya korea dengan banyak diskon dan banyak promo!! ğŸ˜","5"
"2019-09-11 14:40:23","1","suka aplikasi inii banyak diskonan dan gratis socobox ğŸ˜","5"
"2019-09-08 22:53:10","1","Sering ngasi diskon sama free ongkir, amat sangat membantu buat yg tinggalnya diluar pulau jawa macem aku ini hahuh dipertahankan ya <3","5"
"2019-09-06 14:18:23","-1","Gak recomended belanja disini, udah tau barang habis kok ngak di tulis statusnya kalo barang sedang habis, ehh giliran di pesen nunggu lama banget 3 hari tau tau baru ada notifikasi barang kosong. Proses pengembalian dana udah hampir 1 bulan belum masuk ke rekening, gimana sihh.KECEWA","1"
"2019-09-03 11:28:40","-1","Pengiriman lama. Buruk","1"
"2019-08-21 19:35:50","-1","Kenapa barang yang saya beli lama sekali sampainya udah gitu gabisa track barangnya lagi dimana atau ada hambatan apa kan bingung ini boleh diperbaiki ya admin sociolla, kalau masih gini kayanya saya sekali aja belanja disini","2"
"2019-08-10 20:17:47","0","cara pemesanana ribet, khusus utk daerah papua mohon diperbaiki lgi","3"
"2019-08-10 14:04:17","1","suka belanja di sociolla... bnyk diskon, dan gratis ongkir... lmyn banget buat sy yang jauh... thank u sociolla","5"
"2019-08-10 07:20:55","-1","Sociolla makin kesini makin ga kompeten. Pertama pesen sih gercep ya, tp orderan berikutnya konfirmasi pembayaran aja ampe berhari2, trus udah dikonfirmasi eh malah barangnya kosong, yaiyalah orang konfirmasinya lola banget, pesennya pas barang masih ada, pas barang udah habis baru dikonfirmasi mereka, akhirnya refund, dan abis refund katanya barang yg msh ada mau dikirim tapi mana, nunggu berhari2 pun ga dikirim2, kecewa","2"
"2019-08-09 16:38:17","1","suka banget belanja di socciolla, barang pasti ori dan packing nya bagus banget. Kemarin cuma beli brush 1buah eh di kasih box lumayan gede untuk ukuran sebuah brush dan di dalamnya masih dikasih bubble wrap lagi. Merasa dihargai sebagai konsumen ğŸ˜‚","5"
"2019-08-04 07:17:59","-1","beauty point sy hilang dan tidak ad pertanggung jawaban. 38 poin hilang, sudah email cs sociolla tdk memberikan solusi. merasa dirugikan sekali krn itu jumlah yg banyak","1"
"2019-08-02 11:17:18","1","banyak diskon,produk nya lengkap,free ongkir suka bangettttt ğŸ’œ saran min tambahin innesfree sama the ordinanry kebetulan aku pakai serum the ordinary hehehe pleasee","5"
"2019-08-01 05:42:14","1","paling suka packing nya. ğŸ˜˜","5"
"2019-07-31 00:09:10","1","bagus, ori. saran nya mungkin lebih ditingkatkan untuk voucher-nya agar gak mudah hangus, karna kadang kesalahan sedikit bisa hangus. terus untuk paymentnya seenggak nya dikasih waktu beberapa jam dan dikasih pemberitahuan, gak langsung gitu tiba tiba failed. but masih bersyukur ada sociolla sih.","4"
"2019-07-24 15:29:48","1","udah 2 kali order di sini.... suka banget pengiriman cepat banyak banget promonya ğŸ˜ğŸ˜ğŸ˜ sukses terus buat sociolla","5"
"2019-07-22 12:20:00","1","senang berbelanja di sociolla, cepat tanggap & kalau barang kosong, proses refund nya sangat cepat, pelayaannya sangat baik.","5"
"2019-07-20 01:01:02","-1","perna belanja 1x disini. beli naked skin dengan harga normal rp 695.000. saya kira akan mendapatkan barang yang bagus karena membeli dengan harga normal dan saya sudah konfirmasi cs untuk memastikan tgl exp, cs sudah konfirmasi d atas 1 tahun. tapi saat sampai, barang yg saya terima pas 1 tahun exp nya. padahal barang itu harusnya bisa dipakai 2 tahun. duh kesel bgt dah belanja disini.... dikirimnya pake dus buluk lagi....komplain k cs lewat email dan telpon jg ga berguna....","1"
"2019-07-14 21:01:14","1","tadinya bintang 2 karena dulu lemot suka keluar sendiri... sekarang BINTANG 5 karna sudah bagus dan banyak diskon... dan paling seneng kalau ada gratis ongkir... terimakasih Soco","5"
"2019-07-14 11:49:58","1","pesen disini enak banyak promo menarik , produk produk luar negeri yg pengen dibeli ada semua. ga ribet.. pengiriman juga cepat dan packaging nya juga aman.","5"
"2019-07-14 08:30:52","1","Saya suka belanja di aplikasi sociola apalagi kalau lagi ada disc dan freeongk, harga ramah di kantong. Pelayanannya juga ok, packing juga bagus.","4"
"2019-07-13 23:13:03","-1","Aplikasi sering error, metode pembayaran terbatas dan sering bermasalah. Ditambah sering salah input harga, yqng mengakibatkan cancel sepihak. Sangat merugikan dan proses refund sangat lama. Ditambah pembayaran refund kurang selisih beberapa rupiah. Pelayanan kepuasan pelanggan juga buruk, tidak ada kompensasi atau ganti rugi atas kesalahan yang sociolla buat.","1"
"2019-07-02 08:44:47","1","Love sociolla selalu banyak discon dan pasti barang ori, packing juga rapih dan pakai dus luuvv","5"
"2019-06-30 15:59:01","1","pengiriman cepat dan selalu memuaskan, banyak promo dan packaging pun rapih","5"
"2019-06-28 23:42:32","-1","pengiriman sangat lama!!!!! orderan tgl 25sampai skrg gak dikirimkirim juga! kecewa","1"
"2019-06-26 12:12:30","1","pelayanannya joss","5"
"2019-06-25 20:12:15","1","sukak...banyak pilihan,dan bnyak promonyağŸ¤­ğŸ˜ğŸ˜ğŸ˜","5"
"2019-06-25 18:47:58","1","selama belanja di sini gak pernah kecewa. barang selalu datang dengan tepat waktuu. pokoknya top deh â¤ semoga diskonya bis lebih besar lagi ğŸ™ğŸ™","5"
"2019-06-22 08:18:59","1","kurang banyak promo nya","5"
"2019-06-19 09:18:36","-1","proses refund lama sudah berminggu minggu uang saya blm juga di refund sampai saat ini.","1"
"2019-06-13 14:22:57","1","Menurut gue sociolla ini lumayan bagus pelayanan nya gue mesen barang gasampe 3hr udh nyanpe kok hihi tp emg kalo mau order tuh liat jam nya service nya gt kalo bisa jgn malem2 tf nyaaa biar gampang lgsg dilayanin gitcu. Ok lah sociolla smg makin bagus","5"
"2019-06-10 07:17:41","-1","pesan barang sejak tanggal 26 udah di transfer udah konfirmasi pembayaran dan upload bukti. sttusnya ttp awaiting payment.. tiba-tiba tanggal 10 di cek lagi sttus nya udah cancelled.. ini gimana? saya harus komplain kmn? adakah email atau kontak yg bisa di hubungi? saya bbrpa kali email ke sociolla tp tdk ada tanggapan? jujur pertama kali order barang di sini jadi benar-benar tidak paham harus bgmn.. mohon bantuannyağŸ™","1"
"2019-06-06 21:00:46","-1","aku kasih bintang 1. soalnya pelayanan nya kurang. emailku belum di bales sampai sekarang","1"
"2019-06-03 18:14:47","1","app yg bagus buat beli barang kecantikan tapi sayang nya pengiriman nha lama karena cuman senin-jumat, tapi gratis ongkir tapi kurang nya itu klao di app SO-CO metode pembayaran nya kurang lengkap Lalu mau reviews aja susah bener! ğŸ˜­","4"
"2019-05-28 13:39:52","-1","Kenapa setiap saya telfon ke cs selalu gak bisa, dan ketika buka aplikasi sering eror dan tiba"" keluar sendiri. padahal saya ingin menanyakan masalah pembelian saya","1"
"2019-05-28 13:15:28","-1","aplikasi nya jelek . padahal sociolla udah bagus harga banyak promo .","1"
"2019-05-25 12:44:07","-1","saya kecewa, kenapa saat saya sudah melakukan pembyaran tapi di konfirmasi pembayarn ga ada dan masih dikranjang tapi stok tidak ada. tolonf kembalikan uang saya!!","1"
"2019-05-24 22:12:47","-1","sering lag, aplikasi tertutup sendiri. untuk konfirmasi pembayaran tidak ada pilihan upload bukti transfer, harus kontak cs lewat email menanyakan status w awaiting payment confirmation. chat cs d aplikasi juga tidak ada. lebih mudah menggunakan aplikasi sebelah, shoopee","2"
"2019-05-24 16:37:18","1","banyak sale","5"
"2019-05-24 16:06:26","1","sering2 lagi untuk disc menakjubkan","5"
"2019-05-24 01:00:27","1","bagussss soalnya banyak promo nya dan yg terpenting mereka sering ngadain promo+free ongkirrr ehehhehehehe","5"
"2019-05-23 11:25:53","-1","saya mau komplaint soal pembayar menggunakan ovo, kenapa ngga bsa ya? dan gimana dengan kupon saya yg sudah di redem dan pembayaran menggunakan ovo tidak bsa sampai skrg !!! saya di haruskan order lagi, tapi apa kabar dengan kupon saya yg sudah saya redem? apa tidak bsa di kembalikan lagi !! sudah 2 x saya seperti ini !","1"
"2019-05-20 23:02:58","-1","udh email dari seminggu yg lalu belom ada respo sama sekali","1"
"2019-05-19 11:00:24","-1","kecewa nunggu paket seminggu pas dateng malah isinya bukan orderan sy, proses refund yg ribet karna hanya via email, tlp sociolla cuma buat pajangan gak pernah terhubung. bakal belanja lagi kalo bisa cod an, trauma kasus kemaren mereka yg salah gw yg ribet ğŸ˜“","1"
"2019-05-17 04:06:18","-1","sdah melakukan transaksi sesuai nominal yang tertera, tpi masih dpet email buat lakuin transaksi, ini gimna ceritanya masa sya harus bayar 2 kalii ğŸ˜…","1"
"2019-05-15 19:14:00","1","yeay akhir sudahh bisa berjalan dengen baikk apknyağŸ˜ cinta banget ama sociolla diskon nya ga nanggung naggung di tambah diskonya bisa di gabung dengan diskon lainnya","5"
"2019-05-15 18:43:41","0","mf aku kasih 3 bintang dulu, soalnya baru download jd belum d coba buat belanja.... kemarin2 tanggal 7 mei jg belanja d web'nya sampe sekarang status nya masih waiting payment mulu pdhal udah transfer dan udah d verifikasi pembayaran nya,saya bingung baru kali ini belanja online g ada kejelasan,no cs g bisa d hubungin apalagi email g ada responğŸ˜– pdhal kayanya seru belanja d sociolla ğŸ˜","3"
"2019-05-12 00:46:09","1","banyak diskon. mantul","5"
"2019-05-11 12:02:38","1","Alhamdulillah komplain saya direspon.. dan responnya jg cepat. terimakasih banyak SOCO.. saya akan belanja kesini lg ğŸ˜ƒ","5"
"2019-05-08 15:37:21","1","belum lama gabung dan sukaaa bangettt!! dapet gratis ongkir, dpt vouch 50k , dan kemarin kemarin dpt diskon 100k:( monangsss makasiii sociolla!!â¤â¤","5"
"2019-05-07 14:10:17","1","banyak promo aku sukaaa wkwkwk","5"
"2019-05-02 20:44:16","-1","saya order dari tanggal 29 april 2019 sampe hari ini blm sampe order status nya masi payment accepted terusğŸ˜ª udh gitu aplikasi nya sering ke back sendiri mohon di perbaiki lagi.","1"
"2019-05-02 19:05:05","1","suka banget belanja di sociolla, jauh lebih murah di bandingkan di store + banyak promo dan vocer belanja nya juga, beli make up / skin care mahal jadi murah di sociolla produk nya juga 100% ori , tolong aplikasi di perbaiki lagi . sukses selalu sociolla","5"
"2019-04-29 23:23:50","-1","tidak seflexible dibanding shop**, dan ga semudah belanja di L*z***, vouchernya hangus, padahal kesalahan app yang gampang not responding! place order gagal, payah!","2"
"2019-04-29 20:57:12","-1","Baru download aplikasinya, tiba"" gambar kluar sndiri, download ulang lagi. Padahal sudah pesen barang dan sudah membayar melalui bank transfer tapi sampai sekarang belum ada pemberitahuan barang kapan dikirim, pembayaran saya sudah di konfirmasi apa belum, kirim pertanyaan juga ke emailnya ga dijawab. Siapa sih ini yg tanggung jawab ?","1"
"2019-04-28 14:26:18","1","Produk bagus real pick ,Pengiriman cepat , Kurir Ramah","5"
"2019-04-28 12:58:32","1","Belanja skincare sama make up gampang, ga perlu pergi ke luar. online shop trusted, banyak diskon, pengirimannya juga cepet. mantul sihâ™¥","5"
"2019-04-28 09:56:40","1","Banyak diskon banyak promoo recomend belanja kosmetik/skincare buat istri dirumah mantabbğŸ‘ğŸ‘â¤ğŸ˜ğŸ˜™","5"
"2019-04-28 08:14:19","1","Banyak diskon. Produk trusted","5"
"2019-04-28 01:41:08","1","terima kasih sociolla semakin mudah berbelanjanya sudah tak repot lagi belinya harus beli di mall,bagus packingnya dan barang sesuai pesanan nya,thank you sociolla","5"
"2019-04-28 00:28:16","1","Asikk bgt belanja disini. Selain gampang cari skincare & makeup import. Disini jg selalu ada diskon. Ditambah klo kt review prodak aja suka di kasih hadiah! Love it..","5"
"2019-04-27 22:38:28","1","Membantu sekali untuk yang ingin belanja di sociolla, tanpa harus buka web.. banyak promo yang diadakan oleh app ini.. semoga semakin sukses sociolla.","5"
"2019-04-27 22:26:29","1","aplikasi penak gaes, nek blonjo neng sociolla wae, akeh diskonan lowww,, barang berkualitas harga juga pas di kantong ğŸ˜","5"
"2019-04-27 22:17:35","1","yeaayyy sekarang udah ada aplikasinya, belanja jadi mudah udah gitu semua produknya original ditambah banyak diskon'an nyağŸ˜ aaahhh makin cinta deh eyke sama sociollağŸ˜€","5"
"2019-04-27 22:16:34","1","terrrr wahuiiii belanja aman tanpa repot"" banyak diskon nye juga lg kg rugihh dh","5"
"2019-04-27 20:43:16","-1","janji min belanja sekian dapat free gift ternyata bohong. aplikasi susah dipake error trus. banyak iklan disc misal 40% ternyata ga disc samsek.. kl pun disc barang nya kosong.","1"
"2019-04-26 16:10:33","0","diskon voucher bagus. tp sayang aplikasinya lemot dan sering banget eror. tolong lebih ditingkatkan pelayanannya","3"
"2019-04-25 21:41:18","0","appnya ngelag mulu , baru checkout aja udh harus selalu email emailan sama cs nya , karna app nya eror","3"
"2019-04-25 11:03:34","1","Membantu banget buat yg suka update di soco, banyak promo, apalagi bulan ini ada promo 50% off kalau belanja lewat soco app!","5"
"2019-04-24 06:07:04","1","yeeey akhirnya ada appnyaaa. baru download langsung dapet diskon gede2anğŸ˜™","5"
"2019-04-23 20:42:23","0","saya udah melakukan pembayaran kok statusnya masih awaiting payment verification yah? apa memang lama? padahal saya sudah melakukan konfirmasi pembayaran..","3"
"2019-04-21 15:50:15","1","sangat membantuuu , biasa beli lwt web terus , skrg lbh gampang dgn ada appnya , banyakin promonya lagi ya hhehehehe","5"
"2019-04-21 09:26:41","-1","app masih lemot untuk di akses, dan saran saya mohon ditambahkan kolom untuk mengedit alamat email karena update orderan biasanya kan lewat email. saya sudah contact dengan cs namun hasilnya tidak memuaskan cuma disuruh bikin akun lagi. mohon komen saya dipertimbangkan.","2"
"2019-04-20 06:16:25","-1","gabisa dipakai , apalah itu vouchernya -_-","1"
"2019-04-19 21:57:49","1","Banyak diskon hehe","5"
"2019-04-19 17:20:06","1","Akhirnya aplikasi nya ada jugaa. Bagus aplikasinya, sekarang udah ga error lagi. walaupun masih sedikit berat, tapi Makasih banyak vouchernya :) selalu puas belanja di sociolla","5"
"2019-04-19 16:35:35","-1","KECEWA. LEMOT PARAH. PEMBAYARAN VIA GOPAY GAGAL TERUS!","1"
"2019-04-19 16:21:31","1","sangat sangat membantu. dan banyak banget diskonan! kusuka","5"
"2019-04-19 15:46:41","1","memburu diskonğŸ˜…","5"
"2019-04-19 14:54:52","0","setiap mau liat priduknya kenapa eror terus ya. tolong ditingkatkan pelayanannya dong","3"
"2019-04-12 14:35:46","1","mau download. bismillah. lagi ada diskon 50% langsung gassss xD","5"
